Country,Year,Status,Life_expectancy,Adult Mortality,infant deaths,Alcohol,percentage expenditure,Hepatitis B,Measles , BMI ,under-five deaths ,Polio,Total expenditure,Diphtheria , HIV/AIDS,GDP,Population, thinness  1-19 years, thinness 5-9 years,Income composition of resources,Schooling
Australia,2015,Developed,82.8,59.0,1,,0.0,93.0,74,66.6,1,93.0,,93.0,0.1,56554.3876,23789338.0,0.6,0.6,0.937,20.4
Austria,2015,Developed,81.5,65.0,0,,0.0,93.0,309,57.6,0,93.0,,93.0,0.1,43665.947,8633169.0,1.9,2.1,0.892,15.9
Belgium,2015,Developed,81.1,74.0,0,,0.0,98.0,47,63.7,1,99.0,,99.0,0.1,4356.875,11274196.0,1.0,1.0,0.895,16.6
Bulgaria,2015,Developed,74.5,137.0,0,,0.0,92.0,0,65.7,1,91.0,,91.0,0.1,6993.47736,7177991.0,1.9,1.8,0.792,15.0
Croatia,2015,Developed,78.0,95.0,0,,0.0,94.0,206,63.7,0,94.0,,94.0,0.1,11579.6674,42364.0,1.5,1.4,0.823,15.3
Cyprus,2015,Developed,85.0,52.0,0,,0.0,97.0,0,6.3,0,97.0,,97.0,0.1,2375.1127,116985.0,1.0,1.0,0.854,14.3
Czechia,2015,Developed,78.8,86.0,0,,0.0,97.0,9,66.1,0,97.0,,97.0,0.1,,,1.8,1.8,,
Denmark,2015,Developed,86.0,71.0,0,,0.0,,9,58.8,0,93.0,,93.0,0.1,5314.64416,5683483.0,1.1,0.9,0.923,19.2
Germany,2015,Developed,81.0,68.0,2,,0.0,88.0,2464,62.3,3,94.0,,95.0,0.1,41176.88158,81686611.0,1.1,1.1,0.924,17.1
Hungary,2015,Developed,75.8,134.0,0,,0.0,,0,64.8,0,99.0,,99.0,0.1,12365.6263,984328.0,1.6,1.6,0.834,15.6
Iceland,2015,Developed,82.7,49.0,0,,0.0,,0,61.0,0,92.0,,92.0,0.1,5734.4436,33815.0,1.0,0.9,0.919,19.0
Ireland,2015,Developed,81.4,64.0,0,,0.0,95.0,4,62.8,0,95.0,,95.0,0.1,6664.144,4676835.0,0.3,0.2,0.92,18.6
Italy,2015,Developed,82.7,56.0,1,,0.0,93.0,159,63.6,2,93.0,,93.0,0.1,349.14755,673582.0,0.6,0.6,0.881,16.3
Japan,2015,Developed,83.7,55.0,2,,0.0,,35,29.0,3,99.0,,96.0,0.1,34474.13736,127141.0,2.1,1.8,0.902,15.3
Latvia,2015,Developed,74.6,153.0,0,,0.0,94.0,0,61.2,0,95.0,,95.0,0.1,13666.58336,1977527.0,2.2,2.1,0.828,16.0
Lithuania,2015,Developed,73.6,165.0,0,,0.0,94.0,50,62.4,0,93.0,,93.0,0.1,14252.42853,29491.0,2.6,2.6,0.846,16.5
Luxembourg,2015,Developed,82.0,63.0,0,,0.0,94.0,0,61.3,0,99.0,,99.0,0.1,1199.8223,56964.0,1.0,0.9,0.896,13.9
Malta,2015,Developed,81.7,54.0,0,,0.0,95.0,2,69.6,0,97.0,,97.0,0.1,23819.4636,431874.0,0.8,0.8,0.853,14.6
Netherlands,2015,Developed,81.9,57.0,1,,0.0,94.0,7,62.1,1,95.0,,95.0,0.1,44292.88473,16939923.0,1.0,0.9,0.923,18.1
New Zealand,2015,Developed,81.6,66.0,0,8.7,0.0,92.0,10,67.5,0,92.0,,92.0,0.1,3821.8937,,0.4,0.3,0.913,19.2
Norway,2015,Developed,81.8,59.0,0,5.97,0.0,,14,61.2,0,95.0,,95.0,0.1,7455.24654,518867.0,0.8,0.7,0.948,17.7
Poland,2015,Developed,77.5,117.0,2,,0.0,96.0,0,61.7,2,92.0,,98.0,0.1,12565.9876,37986412.0,1.9,2.0,0.852,16.4
Portugal,2015,Developed,81.1,76.0,0,,0.0,98.0,8,61.6,0,98.0,,98.0,0.1,1922.681,135876.0,0.7,0.5,0.841,16.6
Romania,2015,Developed,75.0,133.0,2,,0.0,9.0,4,6.7,2,89.0,,89.0,0.1,8958.788593,19815481.0,2.5,2.7,0.798,14.7
Singapore,2015,Developed,83.1,55.0,0,1.79,0.0,96.0,0,33.2,0,96.0,,96.0,0.1,53629.73746,,2.2,2.2,0.924,15.4
Slovakia,2015,Developed,76.7,19.0,0,,0.0,96.0,1,59.1,0,96.0,,96.0,0.1,,,1.2,1.2,0.842,15.0
Slovenia,2015,Developed,88.0,74.0,0,,0.0,,18,6.1,0,95.0,,95.0,0.1,2729.86383,263531.0,1.4,1.3,0.888,17.3
Spain,2015,Developed,82.8,56.0,1,,0.0,97.0,115,66.6,1,97.0,,97.0,0.1,25683.84565,46447697.0,0.6,0.5,0.882,17.7
Sweden,2015,Developed,82.4,53.0,0,,0.0,67.0,22,59.5,0,98.0,,98.0,0.1,5585.25847,9799186.0,1.5,1.4,0.909,15.9
Switzerland,2015,Developed,83.4,49.0,0,,0.0,,35,57.4,0,97.0,,97.0,0.1,8989.8424,8282396.0,0.4,0.3,0.938,16.0
United Kingdom of Great Britain and Northern Ireland,2015,Developed,81.2,69.0,3,10.66,0.0,,91,66.6,4,96.0,,96.0,0.1,,,0.8,0.6,,
United States of America,2015,Developed,79.3,13.0,23,,0.0,92.0,188,69.6,26,93.0,,95.0,0.1,,,0.8,0.6,,
